,Year,Country,Average_Temperature
8005,1743,United Kingdom,8.45
8006,1744,United Kingdom,9.15
8007,1745,United Kingdom,4.51
8008,1746,United Kingdom,
8009,1747,United Kingdom,
8010,1748,United Kingdom,
8011,1749,United Kingdom,
8012,1750,United Kingdom,9.22
8013,1751,United Kingdom,8.71
8014,1752,United Kingdom,7.09
8015,1753,United Kingdom,8.6
8016,1754,United Kingdom,8.56
8017,1755,United Kingdom,8.26
8018,1756,United Kingdom,8.75
8019,1757,United Kingdom,8.75
8020,1758,United Kingdom,7.85
8021,1759,United Kingdom,8.84
8022,1760,United Kingdom,8.11
8023,1761,United Kingdom,8.99
8024,1762,United Kingdom,8.26
8025,1763,United Kingdom,7.97
8026,1764,United Kingdom,8.21
8027,1765,United Kingdom,7.97
8028,1766,United Kingdom,8.22
8029,1767,United Kingdom,8.3
8030,1768,United Kingdom,8.24
8031,1769,United Kingdom,8.32
8032,1770,United Kingdom,8.02
8033,1771,United Kingdom,8.03
8034,1772,United Kingdom,8.05
8035,1773,United Kingdom,8.25
8036,1774,United Kingdom,8.03
8037,1775,United Kingdom,9.0
8038,1776,United Kingdom,8.22
8039,1777,United Kingdom,8.44
8040,1778,United Kingdom,8.88
8041,1779,United Kingdom,9.85
8042,1780,United Kingdom,8.92
8043,1781,United Kingdom,9.55
8044,1782,United Kingdom,7.34
8045,1783,United Kingdom,8.6
8046,1784,United Kingdom,7.55
8047,1785,United Kingdom,8.12
8048,1786,United Kingdom,7.83
8049,1787,United Kingdom,8.87
8050,1788,United Kingdom,8.79
8051,1789,United Kingdom,8.89
8052,1790,United Kingdom,9.03
8053,1791,United Kingdom,8.89
8054,1792,United Kingdom,8.82
8055,1793,United Kingdom,8.74
8056,1794,United Kingdom,9.26
8057,1795,United Kingdom,8.36
8058,1796,United Kingdom,8.71
8059,1797,United Kingdom,8.73
8060,1798,United Kingdom,9.18
8061,1799,United Kingdom,7.48
8062,1800,United Kingdom,8.39
8063,1801,United Kingdom,8.88
8064,1802,United Kingdom,8.58
8065,1803,United Kingdom,8.43
8066,1804,United Kingdom,8.66
8067,1805,United Kingdom,8.45
8068,1806,United Kingdom,8.63
8069,1807,United Kingdom,7.9
8070,1808,United Kingdom,8.19
8071,1809,United Kingdom,8.06
8072,1810,United Kingdom,7.89
8073,1811,United Kingdom,8.7
8074,1812,United Kingdom,7.66
8075,1813,United Kingdom,8.38
8076,1814,United Kingdom,7.49
8077,1815,United Kingdom,8.17
8078,1816,United Kingdom,7.18
8079,1817,United Kingdom,7.99
8080,1818,United Kingdom,8.84
8081,1819,United Kingdom,8.42
8082,1820,United Kingdom,8.15
8083,1821,United Kingdom,8.97
8084,1822,United Kingdom,9.15
8085,1823,United Kingdom,7.87
8086,1824,United Kingdom,8.7
8087,1825,United Kingdom,9.12
8088,1826,United Kingdom,9.36
8089,1827,United Kingdom,8.7
8090,1828,United Kingdom,9.39
8091,1829,United Kingdom,7.77
8092,1830,United Kingdom,8.22
8093,1831,United Kingdom,9.11
8094,1832,United Kingdom,8.78
8095,1833,United Kingdom,8.52
8096,1834,United Kingdom,9.46
8097,1835,United Kingdom,8.58
8098,1836,United Kingdom,7.83
8099,1837,United Kingdom,8.1
8100,1838,United Kingdom,7.39
8101,1839,United Kingdom,8.01
8102,1840,United Kingdom,8.18
8103,1841,United Kingdom,8.17
8104,1842,United Kingdom,8.89
8105,1843,United Kingdom,8.59
8106,1844,United Kingdom,8.33
8107,1845,United Kingdom,8.09
8108,1846,United Kingdom,9.66
8109,1847,United Kingdom,8.71
8110,1848,United Kingdom,8.49
8111,1849,United Kingdom,8.46
8112,1850,United Kingdom,8.56
8113,1851,United Kingdom,8.6
8114,1852,United Kingdom,9.21
8115,1853,United Kingdom,8.17
8116,1854,United Kingdom,8.89
8117,1855,United Kingdom,7.78
8118,1856,United Kingdom,8.41
8119,1857,United Kingdom,9.52
8120,1858,United Kingdom,8.6
8121,1859,United Kingdom,8.6
8122,1860,United Kingdom,7.4
8123,1861,United Kingdom,8.66
8124,1862,United Kingdom,8.29
8125,1863,United Kingdom,8.79
8126,1864,United Kingdom,8.17
8127,1865,United Kingdom,8.89
8128,1866,United Kingdom,8.5
8129,1867,United Kingdom,8.38
8130,1868,United Kingdom,9.32
8131,1869,United Kingdom,8.75
8132,1870,United Kingdom,8.48
8133,1871,United Kingdom,8.64
8134,1872,United Kingdom,8.79
8135,1873,United Kingdom,8.44
8136,1874,United Kingdom,8.73
8137,1875,United Kingdom,8.87
8138,1876,United Kingdom,8.71
8139,1877,United Kingdom,8.33
8140,1878,United Kingdom,8.79
8141,1879,United Kingdom,7.19
8142,1880,United Kingdom,8.6
8143,1881,United Kingdom,7.74
8144,1882,United Kingdom,8.67
8145,1883,United Kingdom,8.35
8146,1884,United Kingdom,8.9
8147,1885,United Kingdom,7.88
8148,1886,United Kingdom,7.86
8149,1887,United Kingdom,8.17
8150,1888,United Kingdom,7.97
8151,1889,United Kingdom,8.65
8152,1890,United Kingdom,8.61
8153,1891,United Kingdom,8.23
8154,1892,United Kingdom,7.55
8155,1893,United Kingdom,9.24
8156,1894,United Kingdom,8.62
8157,1895,United Kingdom,8.0
8158,1896,United Kingdom,8.87
8159,1897,United Kingdom,8.65
8160,1898,United Kingdom,9.34
8161,1899,United Kingdom,9.01
8162,1900,United Kingdom,8.68
8163,1901,United Kingdom,8.67
8164,1902,United Kingdom,8.28
8165,1903,United Kingdom,8.45
8166,1904,United Kingdom,8.46
8167,1905,United Kingdom,8.74
8168,1906,United Kingdom,8.67
8169,1907,United Kingdom,8.31
8170,1908,United Kingdom,8.98
8171,1909,United Kingdom,8.15
8172,1910,United Kingdom,8.56
8173,1911,United Kingdom,9.11
8174,1912,United Kingdom,8.56
8175,1913,United Kingdom,8.95
8176,1914,United Kingdom,9.16
8177,1915,United Kingdom,8.25
8178,1916,United Kingdom,8.67
8179,1917,United Kingdom,8.17
8180,1918,United Kingdom,8.81
8181,1919,United Kingdom,8.04
8182,1920,United Kingdom,8.96
8183,1921,United Kingdom,9.7
8184,1922,United Kingdom,8.21
8185,1923,United Kingdom,8.43
8186,1924,United Kingdom,8.7
8187,1925,United Kingdom,8.55
8188,1926,United Kingdom,9.1
8189,1927,United Kingdom,8.56
8190,1928,United Kingdom,8.72
8191,1929,United Kingdom,8.56
8192,1930,United Kingdom,8.65
8193,1931,United Kingdom,8.58
8194,1932,United Kingdom,8.98
8195,1933,United Kingdom,9.39
8196,1934,United Kingdom,9.37
8197,1935,United Kingdom,8.95
8198,1936,United Kingdom,8.87
8199,1937,United Kingdom,8.79
8200,1938,United Kingdom,9.42
8201,1939,United Kingdom,9.15
8202,1940,United Kingdom,8.69
8203,1941,United Kingdom,8.5
8204,1942,United Kingdom,8.65
8205,1943,United Kingdom,9.41
8206,1944,United Kingdom,9.07
8207,1945,United Kingdom,9.74
8208,1946,United Kingdom,8.88
8209,1947,United Kingdom,8.73
8210,1948,United Kingdom,9.3
8211,1949,United Kingdom,9.83
8212,1950,United Kingdom,8.72
8213,1951,United Kingdom,8.53
8214,1952,United Kingdom,8.47
8215,1953,United Kingdom,9.56
8216,1954,United Kingdom,8.66
8217,1955,United Kingdom,8.85
8218,1956,United Kingdom,8.7
8219,1957,United Kingdom,9.35
8220,1958,United Kingdom,8.83
8221,1959,United Kingdom,9.75
8222,1960,United Kingdom,9.1
8223,1961,United Kingdom,9.07
8224,1962,United Kingdom,8.3
8225,1963,United Kingdom,8.1
8226,1964,United Kingdom,8.98
8227,1965,United Kingdom,8.28
8228,1966,United Kingdom,8.7
8229,1967,United Kingdom,8.97
8230,1968,United Kingdom,8.77
8231,1969,United Kingdom,8.57
8232,1970,United Kingdom,8.81
8233,1971,United Kingdom,9.43
8234,1972,United Kingdom,8.64
8235,1973,United Kingdom,8.87
8236,1974,United Kingdom,8.9
8237,1975,United Kingdom,9.36
8238,1976,United Kingdom,9.26
8239,1977,United Kingdom,8.76
8240,1978,United Kingdom,8.7
8241,1979,United Kingdom,7.94
8242,1980,United Kingdom,8.87
8243,1981,United Kingdom,8.64
8244,1982,United Kingdom,9.07
8245,1983,United Kingdom,9.25
8246,1984,United Kingdom,9.14
8247,1985,United Kingdom,8.3
8248,1986,United Kingdom,8.1
8249,1987,United Kingdom,8.53
8250,1988,United Kingdom,9.21
8251,1989,United Kingdom,9.46
8252,1990,United Kingdom,9.56
8253,1991,United Kingdom,9.11
8254,1992,United Kingdom,9.11
8255,1993,United Kingdom,8.75
8256,1994,United Kingdom,9.01
8257,1995,United Kingdom,9.52
8258,1996,United Kingdom,8.8
8259,1997,United Kingdom,9.94
8260,1998,United Kingdom,9.59
8261,1999,United Kingdom,9.67
8262,2000,United Kingdom,9.47
8263,2001,United Kingdom,9.25
8264,2002,United Kingdom,9.78
8265,2003,United Kingdom,9.91
8266,2004,United Kingdom,9.86
8267,2005,United Kingdom,9.9
8268,2006,United Kingdom,10.02
8269,2007,United Kingdom,10.11
8270,2008,United Kingdom,9.48
8271,2009,United Kingdom,9.59
8272,2010,United Kingdom,8.4
8273,2011,United Kingdom,9.82
8274,2012,United Kingdom,9.27
8275,2013,United Kingdom,8.76
9750,1743,United Kingdom,7.07
9751,1744,United Kingdom,9.8
9752,1745,United Kingdom,4.05
9753,1746,United Kingdom,
9754,1747,United Kingdom,
9755,1748,United Kingdom,
9756,1749,United Kingdom,
9757,1750,United Kingdom,9.73
9758,1751,United Kingdom,9.51
9759,1752,United Kingdom,6.26
9760,1753,United Kingdom,8.97
9761,1754,United Kingdom,8.82
9762,1755,United Kingdom,8.54
9763,1756,United Kingdom,8.98
9764,1757,United Kingdom,8.92
9765,1758,United Kingdom,8.29
9766,1759,United Kingdom,9.26
9767,1760,United Kingdom,8.69
9768,1761,United Kingdom,9.23
9769,1762,United Kingdom,8.6
9770,1763,United Kingdom,8.29
9771,1764,United Kingdom,8.64
9772,1765,United Kingdom,8.47
9773,1766,United Kingdom,8.58
9774,1767,United Kingdom,8.62
9775,1768,United Kingdom,8.66
9776,1769,United Kingdom,8.6
9777,1770,United Kingdom,8.51
9778,1771,United Kingdom,8.42
9779,1772,United Kingdom,8.82
9780,1773,United Kingdom,8.71
9781,1774,United Kingdom,8.63
9782,1775,United Kingdom,9.53
9783,1776,United Kingdom,8.73
9784,1777,United Kingdom,8.83
9785,1778,United Kingdom,9.3
9786,1779,United Kingdom,10.19
9787,1780,United Kingdom,9.29
9788,1781,United Kingdom,9.91
9789,1782,United Kingdom,7.92
9790,1783,United Kingdom,9.34
9791,1784,United Kingdom,7.93
9792,1785,United Kingdom,8.22
9793,1786,United Kingdom,8.03
9794,1787,United Kingdom,9.11
9795,1788,United Kingdom,9.03
9796,1789,United Kingdom,8.8
9797,1790,United Kingdom,9.27
9798,1791,United Kingdom,9.16
9799,1792,United Kingdom,9.13
9800,1793,United Kingdom,9.13
9801,1794,United Kingdom,9.47
9802,1795,United Kingdom,8.71
9803,1796,United Kingdom,9.02
9804,1797,United Kingdom,9.13
9805,1798,United Kingdom,9.42
9806,1799,United Kingdom,7.61
9807,1800,United Kingdom,8.83
9808,1801,United Kingdom,9.21
9809,1802,United Kingdom,8.93
9810,1803,United Kingdom,8.52
9811,1804,United Kingdom,9.05
9812,1805,United Kingdom,8.43
9813,1806,United Kingdom,9.29
9814,1807,United Kingdom,8.48
9815,1808,United Kingdom,8.45
9816,1809,United Kingdom,8.45
9817,1810,United Kingdom,8.43
9818,1811,United Kingdom,9.4
9819,1812,United Kingdom,8.11
9820,1813,United Kingdom,8.66
9821,1814,United Kingdom,7.52
9822,1815,United Kingdom,8.42
9823,1816,United Kingdom,7.57
9824,1817,United Kingdom,8.46
9825,1818,United Kingdom,9.38
9826,1819,United Kingdom,8.99
9827,1820,United Kingdom,8.32
9828,1821,United Kingdom,9.26
9829,1822,United Kingdom,9.81
9830,1823,United Kingdom,8.39
9831,1824,United Kingdom,9.16
9832,1825,United Kingdom,9.5
9833,1826,United Kingdom,9.63
9834,1827,United Kingdom,9.0
9835,1828,United Kingdom,9.68
9836,1829,United Kingdom,7.7
9837,1830,United Kingdom,8.42
9838,1831,United Kingdom,9.48
9839,1832,United Kingdom,8.89
9840,1833,United Kingdom,8.94
9841,1834,United Kingdom,10.01
9842,1835,United Kingdom,9.06
9843,1836,United Kingdom,8.47
9844,1837,United Kingdom,8.46
9845,1838,United Kingdom,7.75
9846,1839,United Kingdom,8.35
9847,1840,United Kingdom,8.26
9848,1841,United Kingdom,8.52
9849,1842,United Kingdom,8.97
9850,1843,United Kingdom,8.88
9851,1844,United Kingdom,8.51
9852,1845,United Kingdom,8.08
9853,1846,United Kingdom,9.9
9854,1847,United Kingdom,8.89
9855,1848,United Kingdom,8.97
9856,1849,United Kingdom,8.97
9857,1850,United Kingdom,8.74
9858,1851,United Kingdom,8.86
9859,1852,United Kingdom,9.48
9860,1853,United Kingdom,8.16
9861,1854,United Kingdom,8.96
9862,1855,United Kingdom,7.8
9863,1856,United Kingdom,8.76
9864,1857,United Kingdom,9.76
9865,1858,United Kingdom,8.89
9866,1859,United Kingdom,9.4
9867,1860,United Kingdom,7.81
9868,1861,United Kingdom,9.04
9869,1862,United Kingdom,8.97
9870,1863,United Kingdom,9.37
9871,1864,United Kingdom,8.53
9872,1865,United Kingdom,9.4
9873,1866,United Kingdom,9.18
9874,1867,United Kingdom,8.65
9875,1868,United Kingdom,9.91
9876,1869,United Kingdom,9.14
9877,1870,United Kingdom,8.66
9878,1871,United Kingdom,8.74
9879,1872,United Kingdom,9.42
9880,1873,United Kingdom,8.75
9881,1874,United Kingdom,9.0
9882,1875,United Kingdom,9.0
9883,1876,United Kingdom,9.21
9884,1877,United Kingdom,8.93
9885,1878,United Kingdom,9.0
9886,1879,United Kingdom,7.18
9887,1880,United Kingdom,8.83
9888,1881,United Kingdom,8.26
9889,1882,United Kingdom,9.03
9890,1883,United Kingdom,8.67
9891,1884,United Kingdom,9.36
9892,1885,United Kingdom,8.2
9893,1886,United Kingdom,8.34
9894,1887,United Kingdom,8.07
9895,1888,United Kingdom,7.95
9896,1889,United Kingdom,8.63
9897,1890,United Kingdom,8.56
9898,1891,United Kingdom,8.29
9899,1892,United Kingdom,7.93
9900,1893,United Kingdom,9.66
9901,1894,United Kingdom,8.94
9902,1895,United Kingdom,8.34
9903,1896,United Kingdom,9.01
9904,1897,United Kingdom,9.12
9905,1898,United Kingdom,9.67
9906,1899,United Kingdom,9.44
9907,1900,United Kingdom,9.16
9908,1901,United Kingdom,8.75
9909,1902,United Kingdom,8.55
9910,1903,United Kingdom,8.94
9911,1904,United Kingdom,8.73
9912,1905,United Kingdom,8.81
9913,1906,United Kingdom,9.1
9914,1907,United Kingdom,8.57
9915,1908,United Kingdom,9.01
9916,1909,United Kingdom,8.32
9917,1910,United Kingdom,8.88
9918,1911,United Kingdom,9.73
9919,1912,United Kingdom,9.01
9920,1913,United Kingdom,9.41
9921,1914,United Kingdom,9.52
9922,1915,United Kingdom,8.59
9923,1916,United Kingdom,8.82
9924,1917,United Kingdom,8.19
9925,1918,United Kingdom,9.19
9926,1919,United Kingdom,8.15
9927,1920,United Kingdom,9.22
9928,1921,United Kingdom,10.17
9929,1922,United Kingdom,8.37
9930,1923,United Kingdom,8.76
9931,1924,United Kingdom,8.89
9932,1925,United Kingdom,8.82
9933,1926,United Kingdom,9.37
9934,1927,United Kingdom,8.82
9935,1928,United Kingdom,9.24
9936,1929,United Kingdom,8.74
9937,1930,United Kingdom,9.1
9938,1931,United Kingdom,8.71
9939,1932,United Kingdom,9.08
9940,1933,United Kingdom,9.51
9941,1934,United Kingdom,9.65
9942,1935,United Kingdom,9.4
9943,1936,United Kingdom,8.98
9944,1937,United Kingdom,9.21
9945,1938,United Kingdom,9.71
9946,1939,United Kingdom,9.32
9947,1940,United Kingdom,8.81
9948,1941,United Kingdom,8.74
9949,1942,United Kingdom,8.77
9950,1943,United Kingdom,9.71
9951,1944,United Kingdom,9.25
9952,1945,United Kingdom,9.93
9953,1946,United Kingdom,9.1
9954,1947,United Kingdom,9.2
9955,1948,United Kingdom,9.69
9956,1949,United Kingdom,10.26
9957,1950,United Kingdom,9.13
9958,1951,United Kingdom,8.93
9959,1952,United Kingdom,8.88
9960,1953,United Kingdom,9.53
9961,1954,United Kingdom,8.91
9962,1955,United Kingdom,9.01
9963,1956,United Kingdom,8.58
9964,1957,United Kingdom,9.79
9965,1958,United Kingdom,9.17
9966,1959,United Kingdom,10.19
9967,1960,United Kingdom,9.41
9968,1961,United Kingdom,9.58
9969,1962,United Kingdom,8.28
9970,1963,United Kingdom,8.1
9971,1964,United Kingdom,9.15
9972,1965,United Kingdom,8.66
9973,1966,United Kingdom,9.15
9974,1967,United Kingdom,9.31
9975,1968,United Kingdom,9.02
9976,1969,United Kingdom,8.99
9977,1970,United Kingdom,9.29
9978,1971,United Kingdom,9.48
9979,1972,United Kingdom,8.94
9980,1973,United Kingdom,9.37
9981,1974,United Kingdom,9.2
9982,1975,United Kingdom,9.68
9983,1976,United Kingdom,9.67
9984,1977,United Kingdom,9.13
9985,1978,United Kingdom,9.05
9986,1979,United Kingdom,8.51
9987,1980,United Kingdom,9.14
9988,1981,United Kingdom,8.95
9989,1982,United Kingdom,9.59
9990,1983,United Kingdom,9.68
9991,1984,United Kingdom,9.5
9992,1985,United Kingdom,8.54
9993,1986,United Kingdom,8.37
9994,1987,United Kingdom,8.8
9995,1988,United Kingdom,9.44
9996,1989,United Kingdom,10.21
9997,1990,United Kingdom,10.4
9998,1991,United Kingdom,9.24
9999,1992,United Kingdom,9.54
10000,1993,United Kingdom,9.14
10001,1994,United Kingdom,9.86
10002,1995,United Kingdom,10.17
10003,1996,United Kingdom,8.87
10004,1997,United Kingdom,10.17
10005,1998,United Kingdom,10.0
10006,1999,United Kingdom,10.3
10007,2000,United Kingdom,9.97
10008,2001,United Kingdom,9.69
10009,2002,United Kingdom,10.28
10010,2003,United Kingdom,10.25
10011,2004,United Kingdom,10.27
10012,2005,United Kingdom,10.24
10013,2006,United Kingdom,10.58
10014,2007,United Kingdom,10.37
10015,2008,United Kingdom,9.82
10016,2009,United Kingdom,9.9
10017,2010,United Kingdom,8.8
10018,2011,United Kingdom,10.63
10019,2012,United Kingdom,9.55
10020,2013,United Kingdom,9.57
13518,1743,United Kingdom,7.07
13519,1744,United Kingdom,9.8
13520,1745,United Kingdom,4.05
13521,1746,United Kingdom,
13522,1747,United Kingdom,
13523,1748,United Kingdom,
13524,1749,United Kingdom,
13525,1750,United Kingdom,9.73
13526,1751,United Kingdom,9.51
13527,1752,United Kingdom,6.26
13528,1753,United Kingdom,8.97
13529,1754,United Kingdom,8.82
13530,1755,United Kingdom,8.54
13531,1756,United Kingdom,8.98
13532,1757,United Kingdom,8.92
13533,1758,United Kingdom,8.29
13534,1759,United Kingdom,9.26
13535,1760,United Kingdom,8.69
13536,1761,United Kingdom,9.23
13537,1762,United Kingdom,8.6
13538,1763,United Kingdom,8.29
13539,1764,United Kingdom,8.64
13540,1765,United Kingdom,8.47
13541,1766,United Kingdom,8.58
13542,1767,United Kingdom,8.62
13543,1768,United Kingdom,8.66
13544,1769,United Kingdom,8.6
13545,1770,United Kingdom,8.51
13546,1771,United Kingdom,8.42
13547,1772,United Kingdom,8.82
13548,1773,United Kingdom,8.71
13549,1774,United Kingdom,8.63
13550,1775,United Kingdom,9.53
13551,1776,United Kingdom,8.73
13552,1777,United Kingdom,8.83
13553,1778,United Kingdom,9.3
13554,1779,United Kingdom,10.19
13555,1780,United Kingdom,9.29
13556,1781,United Kingdom,9.91
13557,1782,United Kingdom,7.92
13558,1783,United Kingdom,9.34
13559,1784,United Kingdom,7.93
13560,1785,United Kingdom,8.22
13561,1786,United Kingdom,8.03
13562,1787,United Kingdom,9.11
13563,1788,United Kingdom,9.03
13564,1789,United Kingdom,8.8
13565,1790,United Kingdom,9.27
13566,1791,United Kingdom,9.16
13567,1792,United Kingdom,9.13
13568,1793,United Kingdom,9.13
13569,1794,United Kingdom,9.47
13570,1795,United Kingdom,8.71
13571,1796,United Kingdom,9.02
13572,1797,United Kingdom,9.13
13573,1798,United Kingdom,9.42
13574,1799,United Kingdom,7.61
13575,1800,United Kingdom,8.83
13576,1801,United Kingdom,9.21
13577,1802,United Kingdom,8.93
13578,1803,United Kingdom,8.52
13579,1804,United Kingdom,9.05
13580,1805,United Kingdom,8.43
13581,1806,United Kingdom,9.29
13582,1807,United Kingdom,8.48
13583,1808,United Kingdom,8.45
13584,1809,United Kingdom,8.45
13585,1810,United Kingdom,8.43
13586,1811,United Kingdom,9.4
13587,1812,United Kingdom,8.11
13588,1813,United Kingdom,8.66
13589,1814,United Kingdom,7.52
13590,1815,United Kingdom,8.42
13591,1816,United Kingdom,7.57
13592,1817,United Kingdom,8.46
13593,1818,United Kingdom,9.38
13594,1819,United Kingdom,8.99
13595,1820,United Kingdom,8.32
13596,1821,United Kingdom,9.26
13597,1822,United Kingdom,9.81
13598,1823,United Kingdom,8.39
13599,1824,United Kingdom,9.16
13600,1825,United Kingdom,9.5
13601,1826,United Kingdom,9.63
13602,1827,United Kingdom,9.0
13603,1828,United Kingdom,9.68
13604,1829,United Kingdom,7.7
13605,1830,United Kingdom,8.42
13606,1831,United Kingdom,9.48
13607,1832,United Kingdom,8.89
13608,1833,United Kingdom,8.94
13609,1834,United Kingdom,10.01
13610,1835,United Kingdom,9.06
13611,1836,United Kingdom,8.47
13612,1837,United Kingdom,8.46
13613,1838,United Kingdom,7.75
13614,1839,United Kingdom,8.35
13615,1840,United Kingdom,8.26
13616,1841,United Kingdom,8.52
13617,1842,United Kingdom,8.97
13618,1843,United Kingdom,8.88
13619,1844,United Kingdom,8.51
13620,1845,United Kingdom,8.08
13621,1846,United Kingdom,9.9
13622,1847,United Kingdom,8.89
13623,1848,United Kingdom,8.97
13624,1849,United Kingdom,8.97
13625,1850,United Kingdom,8.74
13626,1851,United Kingdom,8.86
13627,1852,United Kingdom,9.48
13628,1853,United Kingdom,8.16
13629,1854,United Kingdom,8.96
13630,1855,United Kingdom,7.8
13631,1856,United Kingdom,8.76
13632,1857,United Kingdom,9.76
13633,1858,United Kingdom,8.89
13634,1859,United Kingdom,9.4
13635,1860,United Kingdom,7.81
13636,1861,United Kingdom,9.04
13637,1862,United Kingdom,8.97
13638,1863,United Kingdom,9.37
13639,1864,United Kingdom,8.53
13640,1865,United Kingdom,9.4
13641,1866,United Kingdom,9.18
13642,1867,United Kingdom,8.65
13643,1868,United Kingdom,9.91
13644,1869,United Kingdom,9.14
13645,1870,United Kingdom,8.66
13646,1871,United Kingdom,8.74
13647,1872,United Kingdom,9.42
13648,1873,United Kingdom,8.75
13649,1874,United Kingdom,9.0
13650,1875,United Kingdom,9.0
13651,1876,United Kingdom,9.21
13652,1877,United Kingdom,8.93
13653,1878,United Kingdom,9.0
13654,1879,United Kingdom,7.18
13655,1880,United Kingdom,8.83
13656,1881,United Kingdom,8.26
13657,1882,United Kingdom,9.03
13658,1883,United Kingdom,8.67
13659,1884,United Kingdom,9.36
13660,1885,United Kingdom,8.2
13661,1886,United Kingdom,8.34
13662,1887,United Kingdom,8.07
13663,1888,United Kingdom,7.95
13664,1889,United Kingdom,8.63
13665,1890,United Kingdom,8.56
13666,1891,United Kingdom,8.29
13667,1892,United Kingdom,7.93
13668,1893,United Kingdom,9.66
13669,1894,United Kingdom,8.94
13670,1895,United Kingdom,8.34
13671,1896,United Kingdom,9.01
13672,1897,United Kingdom,9.12
13673,1898,United Kingdom,9.67
13674,1899,United Kingdom,9.44
13675,1900,United Kingdom,9.16
13676,1901,United Kingdom,8.75
13677,1902,United Kingdom,8.55
13678,1903,United Kingdom,8.94
13679,1904,United Kingdom,8.73
13680,1905,United Kingdom,8.81
13681,1906,United Kingdom,9.1
13682,1907,United Kingdom,8.57
13683,1908,United Kingdom,9.01
13684,1909,United Kingdom,8.32
13685,1910,United Kingdom,8.88
13686,1911,United Kingdom,9.73
13687,1912,United Kingdom,9.01
13688,1913,United Kingdom,9.41
13689,1914,United Kingdom,9.52
13690,1915,United Kingdom,8.59
13691,1916,United Kingdom,8.82
13692,1917,United Kingdom,8.19
13693,1918,United Kingdom,9.19
13694,1919,United Kingdom,8.15
13695,1920,United Kingdom,9.22
13696,1921,United Kingdom,10.17
13697,1922,United Kingdom,8.37
13698,1923,United Kingdom,8.76
13699,1924,United Kingdom,8.89
13700,1925,United Kingdom,8.82
13701,1926,United Kingdom,9.37
13702,1927,United Kingdom,8.82
13703,1928,United Kingdom,9.24
13704,1929,United Kingdom,8.74
13705,1930,United Kingdom,9.1
13706,1931,United Kingdom,8.71
13707,1932,United Kingdom,9.08
13708,1933,United Kingdom,9.51
13709,1934,United Kingdom,9.65
13710,1935,United Kingdom,9.4
13711,1936,United Kingdom,8.98
13712,1937,United Kingdom,9.21
13713,1938,United Kingdom,9.71
13714,1939,United Kingdom,9.32
13715,1940,United Kingdom,8.81
13716,1941,United Kingdom,8.74
13717,1942,United Kingdom,8.77
13718,1943,United Kingdom,9.71
13719,1944,United Kingdom,9.25
13720,1945,United Kingdom,9.93
13721,1946,United Kingdom,9.1
13722,1947,United Kingdom,9.2
13723,1948,United Kingdom,9.69
13724,1949,United Kingdom,10.26
13725,1950,United Kingdom,9.13
13726,1951,United Kingdom,8.93
13727,1952,United Kingdom,8.88
13728,1953,United Kingdom,9.53
13729,1954,United Kingdom,8.91
13730,1955,United Kingdom,9.01
13731,1956,United Kingdom,8.58
13732,1957,United Kingdom,9.79
13733,1958,United Kingdom,9.17
13734,1959,United Kingdom,10.19
13735,1960,United Kingdom,9.41
13736,1961,United Kingdom,9.58
13737,1962,United Kingdom,8.28
13738,1963,United Kingdom,8.1
13739,1964,United Kingdom,9.15
13740,1965,United Kingdom,8.66
13741,1966,United Kingdom,9.15
13742,1967,United Kingdom,9.31
13743,1968,United Kingdom,9.02
13744,1969,United Kingdom,8.99
13745,1970,United Kingdom,9.29
13746,1971,United Kingdom,9.48
13747,1972,United Kingdom,8.94
13748,1973,United Kingdom,9.37
13749,1974,United Kingdom,9.2
13750,1975,United Kingdom,9.68
13751,1976,United Kingdom,9.67
13752,1977,United Kingdom,9.13
13753,1978,United Kingdom,9.05
13754,1979,United Kingdom,8.51
13755,1980,United Kingdom,9.14
13756,1981,United Kingdom,8.95
13757,1982,United Kingdom,9.59
13758,1983,United Kingdom,9.68
13759,1984,United Kingdom,9.5
13760,1985,United Kingdom,8.54
13761,1986,United Kingdom,8.37
13762,1987,United Kingdom,8.8
13763,1988,United Kingdom,9.44
13764,1989,United Kingdom,10.21
13765,1990,United Kingdom,10.4
13766,1991,United Kingdom,9.24
13767,1992,United Kingdom,9.54
13768,1993,United Kingdom,9.14
13769,1994,United Kingdom,9.86
13770,1995,United Kingdom,10.17
13771,1996,United Kingdom,8.87
13772,1997,United Kingdom,10.17
13773,1998,United Kingdom,10.0
13774,1999,United Kingdom,10.3
13775,2000,United Kingdom,9.97
13776,2001,United Kingdom,9.69
13777,2002,United Kingdom,10.28
13778,2003,United Kingdom,10.25
13779,2004,United Kingdom,10.27
13780,2005,United Kingdom,10.24
13781,2006,United Kingdom,10.58
13782,2007,United Kingdom,10.37
13783,2008,United Kingdom,9.82
13784,2009,United Kingdom,9.9
13785,2010,United Kingdom,8.8
13786,2011,United Kingdom,10.63
13787,2012,United Kingdom,9.55
13788,2013,United Kingdom,9.57
20508,1743,United Kingdom,5.27
20509,1744,United Kingdom,8.29
20510,1745,United Kingdom,2.75
20511,1746,United Kingdom,
20512,1747,United Kingdom,
20513,1748,United Kingdom,
20514,1749,United Kingdom,
20515,1750,United Kingdom,8.41
20516,1751,United Kingdom,8.16
20517,1752,United Kingdom,4.78
20518,1753,United Kingdom,7.51
20519,1754,United Kingdom,7.42
20520,1755,United Kingdom,7.14
20521,1756,United Kingdom,7.64
20522,1757,United Kingdom,7.65
20523,1758,United Kingdom,6.87
20524,1759,United Kingdom,7.85
20525,1760,United Kingdom,7.13
20526,1761,United Kingdom,7.93
20527,1762,United Kingdom,7.13
20528,1763,United Kingdom,6.92
20529,1764,United Kingdom,7.13
20530,1765,United Kingdom,6.87
20531,1766,United Kingdom,7.14
20532,1767,United Kingdom,7.14
20533,1768,United Kingdom,7.2
20534,1769,United Kingdom,7.24
20535,1770,United Kingdom,6.96
20536,1771,United Kingdom,6.86
20537,1772,United Kingdom,6.95
20538,1773,United Kingdom,7.25
20539,1774,United Kingdom,6.86
20540,1775,United Kingdom,7.95
20541,1776,United Kingdom,7.15
20542,1777,United Kingdom,7.34
20543,1778,United Kingdom,7.82
20544,1779,United Kingdom,8.9
20545,1780,United Kingdom,7.75
20546,1781,United Kingdom,8.53
20547,1782,United Kingdom,6.28
20548,1783,United Kingdom,7.66
20549,1784,United Kingdom,6.36
20550,1785,United Kingdom,6.98
20551,1786,United Kingdom,6.63
20552,1787,United Kingdom,7.79
20553,1788,United Kingdom,7.63
20554,1789,United Kingdom,7.78
20555,1790,United Kingdom,7.97
20556,1791,United Kingdom,7.83
20557,1792,United Kingdom,7.72
20558,1793,United Kingdom,7.65
20559,1794,United Kingdom,8.18
20560,1795,United Kingdom,7.17
20561,1796,United Kingdom,7.64
20562,1797,United Kingdom,7.76
20563,1798,United Kingdom,8.14
20564,1799,United Kingdom,6.23
20565,1800,United Kingdom,7.25
20566,1801,United Kingdom,7.77
20567,1802,United Kingdom,7.44
20568,1803,United Kingdom,7.22
20569,1804,United Kingdom,7.49
20570,1805,United Kingdom,7.2
20571,1806,United Kingdom,7.56
20572,1807,United Kingdom,6.83
20573,1808,United Kingdom,7.12
20574,1809,United Kingdom,7.02
20575,1810,United Kingdom,6.87
20576,1811,United Kingdom,7.82
20577,1812,United Kingdom,6.6
20578,1813,United Kingdom,7.35
20579,1814,United Kingdom,6.33
20580,1815,United Kingdom,7.15
20581,1816,United Kingdom,6.18
20582,1817,United Kingdom,7.03
20583,1818,United Kingdom,7.82
20584,1819,United Kingdom,7.47
20585,1820,United Kingdom,7.06
20586,1821,United Kingdom,7.94
20587,1822,United Kingdom,8.23
20588,1823,United Kingdom,6.8
20589,1824,United Kingdom,7.69
20590,1825,United Kingdom,8.13
20591,1826,United Kingdom,8.39
20592,1827,United Kingdom,7.58
20593,1828,United Kingdom,8.26
20594,1829,United Kingdom,6.52
20595,1830,United Kingdom,7.06
20596,1831,United Kingdom,8.1
20597,1832,United Kingdom,7.79
20598,1833,United Kingdom,7.52
20599,1834,United Kingdom,8.56
20600,1835,United Kingdom,7.52
20601,1836,United Kingdom,6.87
20602,1837,United Kingdom,6.92
20603,1838,United Kingdom,6.18
20604,1839,United Kingdom,6.99
20605,1840,United Kingdom,7.11
20606,1841,United Kingdom,7.17
20607,1842,United Kingdom,7.88
20608,1843,United Kingdom,7.56
20609,1844,United Kingdom,7.13
20610,1845,United Kingdom,6.94
20611,1846,United Kingdom,8.73
20612,1847,United Kingdom,7.57
20613,1848,United Kingdom,7.5
20614,1849,United Kingdom,7.39
20615,1850,United Kingdom,7.38
20616,1851,United Kingdom,7.44
20617,1852,United Kingdom,8.16
20618,1853,United Kingdom,7.01
20619,1854,United Kingdom,7.78
20620,1855,United Kingdom,6.57
20621,1856,United Kingdom,7.26
20622,1857,United Kingdom,8.52
20623,1858,United Kingdom,7.53
20624,1859,United Kingdom,7.57
20625,1860,United Kingdom,6.22
20626,1861,United Kingdom,7.59
20627,1862,United Kingdom,7.31
20628,1863,United Kingdom,7.85
20629,1864,United Kingdom,6.98
20630,1865,United Kingdom,7.73
20631,1866,United Kingdom,7.53
20632,1867,United Kingdom,7.26
20633,1868,United Kingdom,8.39
20634,1869,United Kingdom,7.61
20635,1870,United Kingdom,7.32
20636,1871,United Kingdom,7.35
20637,1872,United Kingdom,7.81
20638,1873,United Kingdom,7.43
20639,1874,United Kingdom,7.63
20640,1875,United Kingdom,7.73
20641,1876,United Kingdom,7.64
20642,1877,United Kingdom,7.21
20643,1878,United Kingdom,7.68
20644,1879,United Kingdom,5.98
20645,1880,United Kingdom,7.54
20646,1881,United Kingdom,6.65
20647,1882,United Kingdom,7.7
20648,1883,United Kingdom,7.37
20649,1884,United Kingdom,7.95
20650,1885,United Kingdom,6.87
20651,1886,United Kingdom,6.83
20652,1887,United Kingdom,7.08
20653,1888,United Kingdom,6.75
20654,1889,United Kingdom,7.57
20655,1890,United Kingdom,7.59
20656,1891,United Kingdom,7.15
20657,1892,United Kingdom,6.46
20658,1893,United Kingdom,8.21
20659,1894,United Kingdom,7.61
20660,1895,United Kingdom,6.98
20661,1896,United Kingdom,7.84
20662,1897,United Kingdom,7.6
20663,1898,United Kingdom,8.33
20664,1899,United Kingdom,7.88
20665,1900,United Kingdom,7.6
20666,1901,United Kingdom,7.64
20667,1902,United Kingdom,7.09
20668,1903,United Kingdom,7.37
20669,1904,United Kingdom,7.38
20670,1905,United Kingdom,7.65
20671,1906,United Kingdom,7.67
20672,1907,United Kingdom,7.23
20673,1908,United Kingdom,7.79
20674,1909,United Kingdom,6.99
20675,1910,United Kingdom,7.49
20676,1911,United Kingdom,8.2
20677,1912,United Kingdom,7.52
20678,1913,United Kingdom,7.95
20679,1914,United Kingdom,8.23
20680,1915,United Kingdom,7.14
20681,1916,United Kingdom,7.55
20682,1917,United Kingdom,7.05
20683,1918,United Kingdom,7.74
20684,1919,United Kingdom,6.91
20685,1920,United Kingdom,7.91
20686,1921,United Kingdom,8.59
20687,1922,United Kingdom,7.02
20688,1923,United Kingdom,7.26
20689,1924,United Kingdom,7.59
20690,1925,United Kingdom,7.49
20691,1926,United Kingdom,8.0
20692,1927,United Kingdom,7.4
20693,1928,United Kingdom,7.59
20694,1929,United Kingdom,7.37
20695,1930,United Kingdom,7.64
20696,1931,United Kingdom,7.33
20697,1932,United Kingdom,7.9
20698,1933,United Kingdom,8.39
20699,1934,United Kingdom,8.43
20700,1935,United Kingdom,7.87
20701,1936,United Kingdom,7.76
20702,1937,United Kingdom,7.7
20703,1938,United Kingdom,8.49
20704,1939,United Kingdom,8.13
20705,1940,United Kingdom,7.42
20706,1941,United Kingdom,7.34
20707,1942,United Kingdom,7.38
20708,1943,United Kingdom,8.3
20709,1944,United Kingdom,7.94
20710,1945,United Kingdom,8.67
20711,1946,United Kingdom,7.82
20712,1947,United Kingdom,7.7
20713,1948,United Kingdom,8.17
20714,1949,United Kingdom,8.81
20715,1950,United Kingdom,7.67
20716,1951,United Kingdom,7.47
20717,1952,United Kingdom,7.38
20718,1953,United Kingdom,8.54
20719,1954,United Kingdom,7.57
20720,1955,United Kingdom,7.68
20721,1956,United Kingdom,7.43
20722,1957,United Kingdom,8.28
20723,1958,United Kingdom,7.56
20724,1959,United Kingdom,8.67
20725,1960,United Kingdom,8.02
20726,1961,United Kingdom,8.07
20727,1962,United Kingdom,7.1
20728,1963,United Kingdom,6.92
20729,1964,United Kingdom,7.83
20730,1965,United Kingdom,7.13
20731,1966,United Kingdom,7.51
20732,1967,United Kingdom,7.99
20733,1968,United Kingdom,7.61
20734,1969,United Kingdom,7.48
20735,1970,United Kingdom,7.74
20736,1971,United Kingdom,8.31
20737,1972,United Kingdom,7.64
20738,1973,United Kingdom,7.89
20739,1974,United Kingdom,7.81
20740,1975,United Kingdom,8.22
20741,1976,United Kingdom,8.15
20742,1977,United Kingdom,7.68
20743,1978,United Kingdom,7.62
20744,1979,United Kingdom,7.06
20745,1980,United Kingdom,7.74
20746,1981,United Kingdom,7.48
20747,1982,United Kingdom,7.99
20748,1983,United Kingdom,8.14
20749,1984,United Kingdom,8.09
20750,1985,United Kingdom,7.25
20751,1986,United Kingdom,7.04
20752,1987,United Kingdom,7.33
20753,1988,United Kingdom,8.11
20754,1989,United Kingdom,8.57
20755,1990,United Kingdom,8.68
20756,1991,United Kingdom,7.99
20757,1992,United Kingdom,8.05
20758,1993,United Kingdom,7.59
20759,1994,United Kingdom,8.07
20760,1995,United Kingdom,8.49
20761,1996,United Kingdom,7.71
20762,1997,United Kingdom,8.87
20763,1998,United Kingdom,8.56
20764,1999,United Kingdom,8.74
20765,2000,United Kingdom,8.48
20766,2001,United Kingdom,8.15
20767,2002,United Kingdom,8.76
20768,2003,United Kingdom,8.95
20769,2004,United Kingdom,8.92
20770,2005,United Kingdom,8.85
20771,2006,United Kingdom,9.1
20772,2007,United Kingdom,8.94
20773,2008,United Kingdom,8.42
20774,2009,United Kingdom,8.64
20775,2010,United Kingdom,7.43
20776,2011,United Kingdom,8.95
20777,2012,United Kingdom,8.08
20778,2013,United Kingdom,8.39
36185,1743,United Kingdom,7.54
36186,1744,United Kingdom,10.34
36187,1745,United Kingdom,4.13
36188,1746,United Kingdom,
36189,1747,United Kingdom,
36190,1748,United Kingdom,
36191,1749,United Kingdom,
36192,1750,United Kingdom,10.25
36193,1751,United Kingdom,9.99
36194,1752,United Kingdom,6.54
36195,1753,United Kingdom,9.42
36196,1754,United Kingdom,9.2
36197,1755,United Kingdom,8.95
36198,1756,United Kingdom,9.42
36199,1757,United Kingdom,9.34
36200,1758,United Kingdom,8.85
36201,1759,United Kingdom,9.8
36202,1760,United Kingdom,9.26
36203,1761,United Kingdom,9.69
36204,1762,United Kingdom,8.99
36205,1763,United Kingdom,8.75
36206,1764,United Kingdom,9.14
36207,1765,United Kingdom,8.95
36208,1766,United Kingdom,9.07
36209,1767,United Kingdom,8.98
36210,1768,United Kingdom,9.12
36211,1769,United Kingdom,9.04
36212,1770,United Kingdom,9.03
36213,1771,United Kingdom,8.78
36214,1772,United Kingdom,9.36
36215,1773,United Kingdom,9.33
36216,1774,United Kingdom,9.1
36217,1775,United Kingdom,10.1
36218,1776,United Kingdom,9.21
36219,1777,United Kingdom,9.25
36220,1778,United Kingdom,9.8
36221,1779,United Kingdom,10.76
36222,1780,United Kingdom,9.67
36223,1781,United Kingdom,10.41
36224,1782,United Kingdom,8.44
36225,1783,United Kingdom,9.97
36226,1784,United Kingdom,8.29
36227,1785,United Kingdom,8.54
36228,1786,United Kingdom,8.35
36229,1787,United Kingdom,9.53
36230,1788,United Kingdom,9.39
36231,1789,United Kingdom,9.12
36232,1790,United Kingdom,9.67
36233,1791,United Kingdom,9.59
36234,1792,United Kingdom,9.56
36235,1793,United Kingdom,9.59
36236,1794,United Kingdom,10.0
36237,1795,United Kingdom,9.19
36238,1796,United Kingdom,9.5
36239,1797,United Kingdom,9.62
36240,1798,United Kingdom,9.83
36241,1799,United Kingdom,7.94
36242,1800,United Kingdom,9.32
36243,1801,United Kingdom,9.68
36244,1802,United Kingdom,9.31
36245,1803,United Kingdom,8.79
36246,1804,United Kingdom,9.37
36247,1805,United Kingdom,8.56
36248,1806,United Kingdom,9.87
36249,1807,United Kingdom,9.03
36250,1808,United Kingdom,8.91
36251,1809,United Kingdom,8.99
36252,1810,United Kingdom,8.97
36253,1811,United Kingdom,10.1
36254,1812,United Kingdom,8.58
36255,1813,United Kingdom,9.13
36256,1814,United Kingdom,7.93
36257,1815,United Kingdom,8.99
36258,1816,United Kingdom,7.98
36259,1817,United Kingdom,8.95
36260,1818,United Kingdom,9.88
36261,1819,United Kingdom,9.58
36262,1820,United Kingdom,8.61
36263,1821,United Kingdom,9.63
36264,1822,United Kingdom,10.36
36265,1823,United Kingdom,8.8
36266,1824,United Kingdom,9.65
36267,1825,United Kingdom,9.98
36268,1826,United Kingdom,10.12
36269,1827,United Kingdom,9.37
36270,1828,United Kingdom,10.1
36271,1829,United Kingdom,7.95
36272,1830,United Kingdom,8.78
36273,1831,United Kingdom,10.01
36274,1832,United Kingdom,9.24
36275,1833,United Kingdom,9.4
36276,1834,United Kingdom,10.59
36277,1835,United Kingdom,9.48
36278,1836,United Kingdom,9.04
36279,1837,United Kingdom,8.85
36280,1838,United Kingdom,8.05
36281,1839,United Kingdom,8.89
36282,1840,United Kingdom,8.68
36283,1841,United Kingdom,9.12
36284,1842,United Kingdom,9.43
36285,1843,United Kingdom,9.4
36286,1844,United Kingdom,8.85
36287,1845,United Kingdom,8.46
36288,1846,United Kingdom,10.48
36289,1847,United Kingdom,9.24
36290,1848,United Kingdom,9.52
36291,1849,United Kingdom,9.42
36292,1850,United Kingdom,9.06
36293,1851,United Kingdom,9.17
36294,1852,United Kingdom,9.96
36295,1853,United Kingdom,8.44
36296,1854,United Kingdom,9.3
36297,1855,United Kingdom,8.03
36298,1856,United Kingdom,9.17
36299,1857,United Kingdom,10.21
36300,1858,United Kingdom,9.2
36301,1859,United Kingdom,9.97
36302,1860,United Kingdom,8.17
36303,1861,United Kingdom,9.42
36304,1862,United Kingdom,9.56
36305,1863,United Kingdom,9.9
36306,1864,United Kingdom,8.74
36307,1865,United Kingdom,9.82
36308,1866,United Kingdom,9.69
36309,1867,United Kingdom,9.06
36310,1868,United Kingdom,10.5
36311,1869,United Kingdom,9.46
36312,1870,United Kingdom,8.94
36313,1871,United Kingdom,8.97
36314,1872,United Kingdom,10.07
36315,1873,United Kingdom,9.26
36316,1874,United Kingdom,9.37
36317,1875,United Kingdom,9.43
36318,1876,United Kingdom,9.75
36319,1877,United Kingdom,9.43
36320,1878,United Kingdom,9.47
36321,1879,United Kingdom,7.62
36322,1880,United Kingdom,9.35
36323,1881,United Kingdom,8.71
36324,1882,United Kingdom,9.43
36325,1883,United Kingdom,9.21
36326,1884,United Kingdom,9.86
36327,1885,United Kingdom,8.68
36328,1886,United Kingdom,8.8
36329,1887,United Kingdom,8.39
36330,1888,United Kingdom,8.31
36331,1889,United Kingdom,8.91
36332,1890,United Kingdom,8.86
36333,1891,United Kingdom,8.65
36334,1892,United Kingdom,8.35
36335,1893,United Kingdom,10.05
36336,1894,United Kingdom,9.42
36337,1895,United Kingdom,8.91
36338,1896,United Kingdom,9.41
36339,1897,United Kingdom,9.5
36340,1898,United Kingdom,10.08
36341,1899,United Kingdom,9.85
36342,1900,United Kingdom,9.73
36343,1901,United Kingdom,9.2
36344,1902,United Kingdom,8.95
36345,1903,United Kingdom,9.45
36346,1904,United Kingdom,9.18
36347,1905,United Kingdom,9.25
36348,1906,United Kingdom,9.62
36349,1907,United Kingdom,9.03
36350,1908,United Kingdom,9.31
36351,1909,United Kingdom,8.7
36352,1910,United Kingdom,9.39
36353,1911,United Kingdom,10.22
36354,1912,United Kingdom,9.57
36355,1913,United Kingdom,9.89
36356,1914,United Kingdom,9.98
36357,1915,United Kingdom,9.07
36358,1916,United Kingdom,9.28
36359,1917,United Kingdom,8.65
36360,1918,United Kingdom,9.6
36361,1919,United Kingdom,8.48
36362,1920,United Kingdom,9.67
36363,1921,United Kingdom,10.6
36364,1922,United Kingdom,8.81
36365,1923,United Kingdom,9.17
36366,1924,United Kingdom,9.34
36367,1925,United Kingdom,9.31
36368,1926,United Kingdom,9.83
36369,1927,United Kingdom,9.25
36370,1928,United Kingdom,9.69
36371,1929,United Kingdom,9.09
36372,1930,United Kingdom,9.7
36373,1931,United Kingdom,9.12
36374,1932,United Kingdom,9.57
36375,1933,United Kingdom,9.96
36376,1934,United Kingdom,10.11
36377,1935,United Kingdom,9.9
36378,1936,United Kingdom,9.43
36379,1937,United Kingdom,9.69
36380,1938,United Kingdom,10.18
36381,1939,United Kingdom,9.77
36382,1940,United Kingdom,9.06
36383,1941,United Kingdom,9.09
36384,1942,United Kingdom,9.1
36385,1943,United Kingdom,10.19
36386,1944,United Kingdom,9.62
36387,1945,United Kingdom,10.39
36388,1946,United Kingdom,9.58
36389,1947,United Kingdom,9.75
36390,1948,United Kingdom,10.16
36391,1949,United Kingdom,10.63
36392,1950,United Kingdom,9.75
36393,1951,United Kingdom,9.52
36394,1952,United Kingdom,9.35
36395,1953,United Kingdom,9.95
36396,1954,United Kingdom,9.35
36397,1955,United Kingdom,9.39
36398,1956,United Kingdom,8.87
36399,1957,United Kingdom,10.26
36400,1958,United Kingdom,9.66
36401,1959,United Kingdom,10.63
36402,1960,United Kingdom,9.88
36403,1961,United Kingdom,10.2
36404,1962,United Kingdom,8.65
36405,1963,United Kingdom,8.48
36406,1964,United Kingdom,9.53
36407,1965,United Kingdom,9.03
36408,1966,United Kingdom,9.59
36409,1967,United Kingdom,9.81
36410,1968,United Kingdom,9.48
36411,1969,United Kingdom,9.47
36412,1970,United Kingdom,9.69
36413,1971,United Kingdom,9.89
36414,1972,United Kingdom,9.41
36415,1973,United Kingdom,9.75
36416,1974,United Kingdom,9.7
36417,1975,United Kingdom,9.99
36418,1976,United Kingdom,10.28
36419,1977,United Kingdom,9.69
36420,1978,United Kingdom,9.41
36421,1979,United Kingdom,9.06
36422,1980,United Kingdom,9.54
36423,1981,United Kingdom,9.38
36424,1982,United Kingdom,10.07
36425,1983,United Kingdom,10.12
36426,1984,United Kingdom,9.75
36427,1985,United Kingdom,9.0
36428,1986,United Kingdom,8.94
36429,1987,United Kingdom,9.22
36430,1988,United Kingdom,9.82
36431,1989,United Kingdom,10.76
36432,1990,United Kingdom,10.94
36433,1991,United Kingdom,9.67
36434,1992,United Kingdom,10.15
36435,1993,United Kingdom,9.69
36436,1994,United Kingdom,10.48
36437,1995,United Kingdom,10.55
36438,1996,United Kingdom,9.27
36439,1997,United Kingdom,10.64
36440,1998,United Kingdom,10.4
36441,1999,United Kingdom,10.86
36442,2000,United Kingdom,10.52
36443,2001,United Kingdom,10.18
36444,2002,United Kingdom,10.91
36445,2003,United Kingdom,10.81
36446,2004,United Kingdom,10.77
36447,2005,United Kingdom,10.63
36448,2006,United Kingdom,11.1
36449,2007,United Kingdom,10.83
36450,2008,United Kingdom,10.38
36451,2009,United Kingdom,10.52
36452,2010,United Kingdom,9.38
36453,2011,United Kingdom,11.19
36454,2012,United Kingdom,10.0
36455,2013,United Kingdom,9.91
